id;titre;type;theme;dossier;fichier
0;Livret (Révision TAF);Révision;Révision;exercices;livret.pdf
1;Les entiers;Cours;Nombres;cours;entiers.pdf
42;Les décimaux;Cours;Nombres;cours;decimaux.pdf
2;Les fractions;Cours;Nombres;cours;fractions.pdf
3;Les nombres relatifs;Cours;Nombres;cours;nbrel.pdf
4;Écritures fractionnaires;Cours;Nombres;cours;ecrfrac.pdf
5;Les puissances;Cours;Nombres;cours;puissances.pdf
6;Les racines;Cours;Nombres;cours;racines.pdf
7;Unités de mesure;Cours;Mesures;cours;unites.pdf
8;Géométrie 1 — vocabulaire;Cours;Géométrie;cours;geom1.pdf
9;Géométrie 2 — les angles;Cours;Géométrie;cours;geom2.pdf
10;Géométrie 3 — aires et volumes;Cours;Géométrie;cours;geom3.pdf
11;Pourcentages et échelles;Cours;Proportionnalité;cours;ppe.pdf
12;Calcul littéral;Cours;Algèbre;cours;calclitt.pdf
13;Théorème de Pythagore;Cours;Géométrie;cours;Pythagore.pdf
14;Nombres premiers;Cours;Nombres;cours;nbprem.pdf
15;Équations;Cours;Algèbre;cours;equations.pdf
16;Théorème de Thalès;Cours;Géométrie;cours;Thales.pdf
17;Les entiers;Exercice;Nombres;exercices;entiers.pdf
43;Les décimaux;Exercice;Nombres;exercices;decimaux.pdf
33;Les décimaux;ExerciceCoche;Nombres;exercices;decimaux.pdf
18;Les fractions;Exercice;Nombres;exercices;fractions.pdf
19;Les nombres relatifs;Exercice;Nombres;exercices;nbrel.pdf
20;Écritures fractionnaires;Exercice;Nombres;exercices;ecrfrac.pdf
21;Les puissances;Exercice;Nombres;exercices;puissances.pdf
22;Les racines;Exercice;Nombres;exercices;racines.pdf
23;Unités de mesure;Exercice;Mesures;exercices;unites.pdf
24;Géométrie 1 — vocabulaire;Exercice;Géométrie;exercices;geom1.pdf
25;Géométrie 2 — les angles;Exercice;Géométrie;exercices;geom2.pdf
26;Géométrie 3 — aires et volumes;Exercice;Géométrie;exercices;geom3.pdf
27;Pourcentages et échelles;Exercice;Proportionnalité;exercices;ppe.pdf
28;Calcul littéral;Exercice;Algèbre;exercices;calclitt.pdf
29;Théorème de Pythagore;Exercice;Géométrie;exercices;Pythagore.pdf
30;Nombres premiers;Exercice;Nombres;exercices;nbprem.pdf
37;Problèmes de partages équitables;ExerciceCoche;Nombres;exercices;partages.pdf
31;Équations;Exercice;Algèbre;exercices;equations.pdf
32;Théorème de Thalès;Exercice;Géométrie;exercices;Thales.pdf
34;Symétrie axiale;ExerciceCoche;Géométrie;exercices;symaxiale.pdf
35;Gestion des données;ExerciceCoche;Statistiques;exercices;gestdonnees.pdf
39;Équations du second degré;ExerciceCoche;Algèbre;exercices;eq2deg1.pdf
41;Système d'équations;ExerciceCoche;Algèbre;exercices;sysdeq.pdf
