playlist_id;position;titre;video_id
1;0;Sujet;rQ3_wtCK_J4
2;0;Sujet;uXxv98lR1io
3;0;Sujet;tIfwtL9SQrE
4;0;Sujet;3zpkZsg90tg
4;1;Correction EVACOM 11CT Partie 1 - 2024;ildJRPYwPWQ
4;2;Correction EVACOM 11CT Partie 2 - 2024;eZTGMr0HNEo
5;0;Sujet;M26mXSlemy4
5;1;Correction EVACOM 11LC Partie 1 - 2024;H6fClpraMSA
5;2;Correction EVACOM 11LC Partie 2 - 2024;_OicwYeu12w
6;0;Sujet;T9S1Z0Nx_gQ
6;1;Correction EVACOM 11LS Partie 1 - 2024;CJZkwFxUIGs
6;2;Correction EVACOM 11LS Partie 2 - 2024;RyQ9vD3t7y0
7;0;Sujet;Wc-OnH_8b1w
8;0;Sujet;b2IB33N9QFQ
8;1;Correction EVACOM 11LC Partie 1 - 2023;LeIxTB2qJxw
8;2;Correction EVACOM 11LC Partie 2 - 2023;Qy00AjoKudw
9;0;Sujet;9hjhoVVeFBA
9;1;Correction EVACOM 11LS Partie 1 - 2023;q6C1WLsXReQ
9;2;Correction EVACOM 11LS Partie 2 - 2023;plIkqXdyaCQ
10;0;Sujet;YLXZecBkgqk
10;1;Correction EVACOM 11CT Partie 1 - 2022;Jzh_mamImKE
10;2;Correction EVACOM 11CT Partie 2 - 2022;mmTSpvyztXY
11;0;Sujet;GBEz-CV9sbQ
11;1;Correction EVACOM 11LC Partie 1 - 2022;TQpS55njHyA
11;2;Correction EVACOM 11LC Partie 2 - 2022;yQvRTxTdQNc
12;0;Sujet;JA05abIHp78
12;1;Correction EVACOM 11LS Partie 1 - 2022;c7x8LBBFJnA
12;2;Correction EVACOM 11LS Partie 2 - 2022;AhNcvl7mB_g
13;0;Sujet;E-fUq410Ppg
13;1;Correction EVACOM 11CT Partie 1 - 2021;rkMiB6t5fLg
13;2;Correction EVACOM 11CT Partie 2 - 2021;tGo1KydfIJw
14;0;Sujet;yYDrvw8kJJk
14;1;Correction EVACOM 11LC Partie 1 - 2021;Qi8upl5gubo
14;2;Correction EVACOM 11LC Partie 2 - 2021;nmhncXEX6WI
15;0;Sujet;5JSwYLz82H8
15;1;Correction EVACOM 11LS Partie 1 - 2021;u9IXFnH5sno
15;2;Correction EVACOM 11LS Partie 2 - 2021;XGt9yTICsP0
16;0;Sujet;pVM8PKVZW4U
16;1;Correction EVACOM 11LS Partie 1 - 2020;e-qVYwjYFrw
16;2;Correction EVACOM 11LS Partie 2 - 2020;-IzDA2con2Q
17;0;Sujet;4fFe1pO99Fw
17;1;Exercice 1;bYbO7_J23Zs
17;2;Exercice 2;telc6hG1DHA
17;3;Exercice 3;6KF5psg-7ns
17;4;Exercice 4;c9oWSwDOUFU
17;5;Exercice 5;OIWzKt0hF0I
17;6;Exercice 6;xVGR35iqcNA
17;7;Exercice 7;oKKN30SLOwA
17;8;Exercice 8;cCjrKpgjilk
17;9;Exercice 9;nAieoSkVa58
18;0;Sujet;iDUSgujy9bU
18;1;Exercice 1;e3Hv7VivlFg
18;2;Exercice 2;BmpJ2t-U6zg
18;3;Exercice 3;tYDleC8H8QI
18;4;Exercice 4;3xKmaIk3m3o
18;5;Exercice 5;xSHORdD7Ris
18;6;Exercice 6;9gityY9wvHw
18;7;Exercice 7;KjzPijNu8wg
18;8;Exercice 8;Cxb3tSMKeoI
18;9;Exercice 10;Wzg6eFeBMBE
18;10;Exercice 11;TLLRPulDK0A
18;11;Exercice 12;1AeVTZbM08s
19;0;Sujet;1N6qCMaaER4
19;1;Exercice 1;T7KjCDQFmnM
19;2;Exercice 2;rN7q29LsJMc
19;3;Exercice 3;JuYyksoa4Xs
19;4;Exercice 4;i7EAQr4dHh4
19;5;Exercice 5;XJDW7cmRdx4
19;6;Exercice 6;fh6VoqY9WoA
19;7;Exercice 8;4tGdt08XkA8
19;8;Exercice 9;kEa0QimK0k8
19;9;Exercice 10;T96rY1cnJ_0
19;10;Exercice 11;TOfIOyJrZrE
19;11;Exercice 12;MdJiTz9ipns
20;0;Sujet;7z3y80GQUkk
20;1;Exercice 1;s0O_vPYSrsA
20;2;Exercice 2;tGycQGun6MQ
20;3;Exercice 3;_lAV5T8tpyU
20;4;Exercice 4;50eCwSbk7L8
20;5;Exercice 5;K-CcZQwmFng
20;6;Exercice 6;deQUogsQbPw
20;7;Exercice 7;ZlX4KKko3JY
20;8;Exercice 8;vQH2tq-gWF0
20;9;Exercice 9;y0veHbg64gY
20;10;Exercice 10;Fj51qvqPeYs
20;11;Exercice 11;QxxvqcdYIps
21;0;Sujet;U3DYzc3Loew
21;1;Exercice 1;T7Y3iTkxnI8
21;2;Exercice 2;gs633juu4z0
21;3;Exercice 3;xOIqwNYRfwY
21;4;Exercice 4;9AawqSfP5X4
21;5;Exercice 5;KqRQJ1qaAOU
21;6;Exercice 6;onai6lTYE24
21;7;Exercice 7;fUSc1eRvd8Y
21;8;Exercice 8;fmYCGIyOL_k
21;9;Exercice 9;Tsy0e5kNgZw
21;10;Exercice 10;OmGSzeBgjdU
21;11;Exercice 11;9KibCI2ydzY
21;12;Exercice 12;pI2W04dLVOg
21;13;Exercice 13;ul97L5k7XMQ
